"sample_id","size_factor"
"sample_1",1.08775705075517
"sample_2",0.867425812249709
"sample_3",0.97917362882076
"sample_4",0.815242898086015
"sample_5",0.806775360998426
"sample_6",1.07554630408651
"sample_7",1.09198492604659
"sample_8",0.996687087047084
"sample_9",1.37626247103236
"sample_10",1.02148157614653
